img,category
database\short sleeve outwear\000757.jpg,short sleeve outwear
database\short sleeve outwear\000758.jpg,short sleeve outwear
database\short sleeve outwear\000759.jpg,short sleeve outwear
database\short sleeve outwear\000760.jpg,short sleeve outwear
database\short sleeve outwear\000761.jpg,short sleeve outwear
database\short sleeve outwear\005094.jpg,short sleeve outwear
database\short sleeve outwear\006072.jpg,short sleeve outwear
database\short sleeve outwear\006656.jpg,short sleeve outwear
database\short sleeve outwear\006657.jpg,short sleeve outwear
database\short sleeve outwear\006658.jpg,short sleeve outwear
database\short sleeve outwear\006659.jpg,short sleeve outwear
database\short sleeve outwear\006660.jpg,short sleeve outwear
database\short sleeve outwear\006661.jpg,short sleeve outwear
database\short sleeve outwear\006662.jpg,short sleeve outwear
database\short sleeve outwear\008439.jpg,short sleeve outwear
database\short sleeve outwear\008440.jpg,short sleeve outwear
database\short sleeve outwear\008441.jpg,short sleeve outwear
database\short sleeve outwear\008442.jpg,short sleeve outwear
database\short sleeve outwear\008443.jpg,short sleeve outwear
database\short sleeve outwear\008444.jpg,short sleeve outwear
database\short sleeve outwear\008445.jpg,short sleeve outwear
database\short sleeve outwear\008446.jpg,short sleeve outwear
database\short sleeve outwear\008447.jpg,short sleeve outwear
database\short sleeve outwear\008448.jpg,short sleeve outwear
database\short sleeve outwear\008449.jpg,short sleeve outwear
database\short sleeve outwear\009674.jpg,short sleeve outwear
database\short sleeve outwear\011527.jpg,short sleeve outwear
database\short sleeve outwear\014148.jpg,short sleeve outwear
database\short sleeve outwear\014149.jpg,short sleeve outwear
database\short sleeve outwear\014538.jpg,short sleeve outwear
database\short sleeve outwear\014539.jpg,short sleeve outwear
database\short sleeve outwear\014540.jpg,short sleeve outwear
database\short sleeve outwear\014817.jpg,short sleeve outwear
database\short sleeve outwear\014818.jpg,short sleeve outwear
database\short sleeve outwear\014819.jpg,short sleeve outwear
database\short sleeve outwear\014820.jpg,short sleeve outwear
database\short sleeve outwear\014821.jpg,short sleeve outwear
database\short sleeve outwear\014822.jpg,short sleeve outwear
database\short sleeve outwear\014823.jpg,short sleeve outwear
database\short sleeve outwear\014824.jpg,short sleeve outwear
database\short sleeve outwear\014825.jpg,short sleeve outwear
database\short sleeve outwear\014826.jpg,short sleeve outwear
database\short sleeve outwear\014827.jpg,short sleeve outwear
database\short sleeve outwear\014828.jpg,short sleeve outwear
database\short sleeve outwear\014829.jpg,short sleeve outwear
database\short sleeve outwear\014830.jpg,short sleeve outwear
database\short sleeve outwear\014831.jpg,short sleeve outwear
database\short sleeve outwear\014832.jpg,short sleeve outwear
database\short sleeve outwear\014833.jpg,short sleeve outwear
database\short sleeve outwear\014834.jpg,short sleeve outwear
database\short sleeve outwear\014835.jpg,short sleeve outwear
database\short sleeve outwear\014836.jpg,short sleeve outwear
database\short sleeve outwear\014837.jpg,short sleeve outwear
database\short sleeve outwear\014838.jpg,short sleeve outwear
database\short sleeve outwear\016947.jpg,short sleeve outwear
database\short sleeve outwear\016949.jpg,short sleeve outwear
database\short sleeve outwear\016950.jpg,short sleeve outwear
database\short sleeve outwear\016953.jpg,short sleeve outwear
database\short sleeve outwear\016954.jpg,short sleeve outwear
database\short sleeve outwear\016956.jpg,short sleeve outwear
database\short sleeve outwear\016958.jpg,short sleeve outwear
database\short sleeve outwear\016960.jpg,short sleeve outwear
database\short sleeve outwear\016961.jpg,short sleeve outwear
database\short sleeve outwear\016962.jpg,short sleeve outwear
database\short sleeve outwear\018626.jpg,short sleeve outwear
database\short sleeve outwear\018627.jpg,short sleeve outwear
database\short sleeve outwear\020561.jpg,short sleeve outwear
database\short sleeve outwear\023379.jpg,short sleeve outwear
database\short sleeve outwear\023380.jpg,short sleeve outwear
database\short sleeve outwear\023381.jpg,short sleeve outwear
database\short sleeve outwear\023382.jpg,short sleeve outwear
database\short sleeve outwear\023383.jpg,short sleeve outwear
database\short sleeve outwear\023384.jpg,short sleeve outwear
database\short sleeve outwear\024245.jpg,short sleeve outwear
database\short sleeve outwear\024246.jpg,short sleeve outwear
database\short sleeve outwear\024247.jpg,short sleeve outwear
database\short sleeve outwear\024248.jpg,short sleeve outwear
database\short sleeve outwear\024249.jpg,short sleeve outwear
database\short sleeve outwear\024250.jpg,short sleeve outwear
database\short sleeve outwear\024251.jpg,short sleeve outwear
database\short sleeve outwear\024252.jpg,short sleeve outwear
database\short sleeve outwear\024253.jpg,short sleeve outwear
database\short sleeve outwear\024254.jpg,short sleeve outwear
database\short sleeve outwear\024255.jpg,short sleeve outwear
database\short sleeve outwear\024256.jpg,short sleeve outwear
database\short sleeve outwear\026798.jpg,short sleeve outwear
database\short sleeve outwear\030741.jpg,short sleeve outwear
database\short sleeve outwear\032601.jpg,short sleeve outwear
database\short sleeve outwear\033475.jpg,short sleeve outwear
database\short sleeve outwear\034082.jpg,short sleeve outwear
database\short sleeve outwear\034084.jpg,short sleeve outwear
database\short sleeve outwear\040177.jpg,short sleeve outwear
database\short sleeve outwear\044739.jpg,short sleeve outwear
database\short sleeve outwear\044748.jpg,short sleeve outwear
database\short sleeve outwear\044753.jpg,short sleeve outwear
database\short sleeve outwear\044754.jpg,short sleeve outwear
database\short sleeve outwear\044755.jpg,short sleeve outwear
database\short sleeve outwear\044756.jpg,short sleeve outwear
database\short sleeve outwear\044757.jpg,short sleeve outwear
database\short sleeve outwear\044759.jpg,short sleeve outwear
database\short sleeve outwear\044760.jpg,short sleeve outwear
database\short sleeve outwear\054229.jpg,short sleeve outwear
database\short sleeve outwear\054231.jpg,short sleeve outwear
database\short sleeve outwear\054233.jpg,short sleeve outwear
database\short sleeve outwear\054819.jpg,short sleeve outwear
database\short sleeve outwear\060729.jpg,short sleeve outwear
database\short sleeve outwear\060730.jpg,short sleeve outwear
database\short sleeve outwear\060731.jpg,short sleeve outwear
database\short sleeve outwear\060732.jpg,short sleeve outwear
database\short sleeve outwear\060733.jpg,short sleeve outwear
database\short sleeve outwear\060734.jpg,short sleeve outwear
database\short sleeve outwear\060735.jpg,short sleeve outwear
database\short sleeve outwear\060736.jpg,short sleeve outwear
database\short sleeve outwear\060737.jpg,short sleeve outwear
database\short sleeve outwear\060738.jpg,short sleeve outwear
database\short sleeve outwear\061022.jpg,short sleeve outwear
database\short sleeve outwear\061026.jpg,short sleeve outwear
database\short sleeve outwear\061028.jpg,short sleeve outwear
database\short sleeve outwear\061030.jpg,short sleeve outwear
database\short sleeve outwear\062407.jpg,short sleeve outwear
database\short sleeve outwear\063502.jpg,short sleeve outwear
database\short sleeve outwear\070240.jpg,short sleeve outwear
database\short sleeve outwear\070241.jpg,short sleeve outwear
database\short sleeve outwear\070242.jpg,short sleeve outwear
database\short sleeve outwear\070243.jpg,short sleeve outwear
database\short sleeve outwear\070244.jpg,short sleeve outwear
database\short sleeve outwear\070245.jpg,short sleeve outwear
database\short sleeve outwear\070246.jpg,short sleeve outwear
database\short sleeve outwear\070247.jpg,short sleeve outwear
database\short sleeve outwear\070248.jpg,short sleeve outwear
database\short sleeve outwear\070249.jpg,short sleeve outwear
database\short sleeve outwear\070251.jpg,short sleeve outwear
database\short sleeve outwear\070252.jpg,short sleeve outwear
database\short sleeve outwear\070253.jpg,short sleeve outwear
database\short sleeve outwear\070254.jpg,short sleeve outwear
database\short sleeve outwear\070542.jpg,short sleeve outwear
database\short sleeve outwear\070543.jpg,short sleeve outwear
database\short sleeve outwear\070544.jpg,short sleeve outwear
database\short sleeve outwear\070545.jpg,short sleeve outwear
database\short sleeve outwear\070546.jpg,short sleeve outwear
database\short sleeve outwear\070547.jpg,short sleeve outwear
database\short sleeve outwear\070548.jpg,short sleeve outwear
database\short sleeve outwear\070549.jpg,short sleeve outwear
database\short sleeve outwear\070550.jpg,short sleeve outwear
database\short sleeve outwear\070551.jpg,short sleeve outwear
database\short sleeve outwear\073344.jpg,short sleeve outwear
database\short sleeve outwear\079717.jpg,short sleeve outwear
database\short sleeve outwear\079718.jpg,short sleeve outwear
database\short sleeve outwear\079719.jpg,short sleeve outwear
database\short sleeve outwear\079720.jpg,short sleeve outwear
database\short sleeve outwear\079721.jpg,short sleeve outwear
database\short sleeve outwear\079722.jpg,short sleeve outwear
database\short sleeve outwear\079723.jpg,short sleeve outwear
database\short sleeve outwear\079724.jpg,short sleeve outwear
database\short sleeve outwear\081537.jpg,short sleeve outwear
database\short sleeve outwear\081538.jpg,short sleeve outwear
database\short sleeve outwear\081539.jpg,short sleeve outwear
database\short sleeve outwear\081540.jpg,short sleeve outwear
database\short sleeve outwear\081541.jpg,short sleeve outwear
database\short sleeve outwear\081542.jpg,short sleeve outwear
database\short sleeve outwear\081543.jpg,short sleeve outwear
database\short sleeve outwear\081544.jpg,short sleeve outwear
database\short sleeve outwear\081545.jpg,short sleeve outwear
database\short sleeve outwear\081546.jpg,short sleeve outwear
database\short sleeve outwear\081547.jpg,short sleeve outwear
database\short sleeve outwear\081548.jpg,short sleeve outwear
database\short sleeve outwear\081549.jpg,short sleeve outwear
database\short sleeve outwear\081550.jpg,short sleeve outwear
database\short sleeve outwear\081551.jpg,short sleeve outwear
database\short sleeve outwear\081552.jpg,short sleeve outwear
database\short sleeve outwear\081553.jpg,short sleeve outwear
database\short sleeve outwear\081554.jpg,short sleeve outwear
database\short sleeve outwear\081555.jpg,short sleeve outwear
database\short sleeve outwear\081556.jpg,short sleeve outwear
database\short sleeve outwear\081557.jpg,short sleeve outwear
database\short sleeve outwear\081558.jpg,short sleeve outwear
database\short sleeve outwear\081559.jpg,short sleeve outwear
database\short sleeve outwear\081560.jpg,short sleeve outwear
database\short sleeve outwear\081561.jpg,short sleeve outwear
database\short sleeve outwear\081562.jpg,short sleeve outwear
database\short sleeve outwear\081563.jpg,short sleeve outwear
database\short sleeve outwear\081564.jpg,short sleeve outwear
database\short sleeve outwear\082692.jpg,short sleeve outwear
database\short sleeve outwear\082973.jpg,short sleeve outwear
database\short sleeve outwear\082974.jpg,short sleeve outwear
database\short sleeve outwear\082975.jpg,short sleeve outwear
database\short sleeve outwear\082976.jpg,short sleeve outwear
database\short sleeve outwear\082977.jpg,short sleeve outwear
database\short sleeve outwear\082978.jpg,short sleeve outwear
database\short sleeve outwear\082979.jpg,short sleeve outwear
database\short sleeve outwear\082980.jpg,short sleeve outwear
database\short sleeve outwear\082981.jpg,short sleeve outwear
database\short sleeve outwear\084536.jpg,short sleeve outwear
database\short sleeve outwear\087587.jpg,short sleeve outwear
database\short sleeve outwear\087591.jpg,short sleeve outwear
database\short sleeve outwear\087596.jpg,short sleeve outwear
database\short sleeve outwear\087597.jpg,short sleeve outwear
database\short sleeve outwear\088939.jpg,short sleeve outwear
database\short sleeve outwear\090043.jpg,short sleeve outwear
database\short sleeve outwear\092905.jpg,short sleeve outwear
database\short sleeve outwear\092906.jpg,short sleeve outwear
database\short sleeve outwear\092907.jpg,short sleeve outwear
database\short sleeve outwear\092908.jpg,short sleeve outwear
database\short sleeve outwear\093672.jpg,short sleeve outwear
database\short sleeve outwear\093675.jpg,short sleeve outwear
database\short sleeve outwear\093676.jpg,short sleeve outwear
database\short sleeve outwear\093681.jpg,short sleeve outwear
database\short sleeve outwear\093683.jpg,short sleeve outwear
database\short sleeve outwear\094410.jpg,short sleeve outwear
database\short sleeve outwear\094418.jpg,short sleeve outwear
database\short sleeve outwear\096909.jpg,short sleeve outwear
database\short sleeve outwear\096914.jpg,short sleeve outwear
database\short sleeve outwear\100575.jpg,short sleeve outwear
database\short sleeve outwear\100577.jpg,short sleeve outwear
database\short sleeve outwear\100578.jpg,short sleeve outwear
database\short sleeve outwear\100581.jpg,short sleeve outwear
database\short sleeve outwear\100582.jpg,short sleeve outwear
database\short sleeve outwear\100583.jpg,short sleeve outwear
database\short sleeve outwear\100588.jpg,short sleeve outwear
database\short sleeve outwear\101607.jpg,short sleeve outwear
database\short sleeve outwear\101608.jpg,short sleeve outwear
database\short sleeve outwear\101609.jpg,short sleeve outwear
database\short sleeve outwear\101610.jpg,short sleeve outwear
database\short sleeve outwear\101611.jpg,short sleeve outwear
database\short sleeve outwear\106840.jpg,short sleeve outwear
database\short sleeve outwear\106841.jpg,short sleeve outwear
database\short sleeve outwear\106842.jpg,short sleeve outwear
database\short sleeve outwear\106843.jpg,short sleeve outwear
database\short sleeve outwear\106844.jpg,short sleeve outwear
database\short sleeve outwear\106845.jpg,short sleeve outwear
database\short sleeve outwear\106846.jpg,short sleeve outwear
database\short sleeve outwear\106847.jpg,short sleeve outwear
database\short sleeve outwear\106848.jpg,short sleeve outwear
database\short sleeve outwear\106849.jpg,short sleeve outwear
database\short sleeve outwear\106850.jpg,short sleeve outwear
database\short sleeve outwear\106851.jpg,short sleeve outwear
database\short sleeve outwear\106852.jpg,short sleeve outwear
database\short sleeve outwear\106853.jpg,short sleeve outwear
database\short sleeve outwear\106854.jpg,short sleeve outwear
database\short sleeve outwear\106855.jpg,short sleeve outwear
database\short sleeve outwear\106856.jpg,short sleeve outwear
database\short sleeve outwear\114463.jpg,short sleeve outwear
database\short sleeve outwear\116588.jpg,short sleeve outwear
database\short sleeve outwear\116590.jpg,short sleeve outwear
database\short sleeve outwear\118098.jpg,short sleeve outwear
database\short sleeve outwear\118497.jpg,short sleeve outwear
database\short sleeve outwear\118498.jpg,short sleeve outwear
database\short sleeve outwear\118499.jpg,short sleeve outwear
database\short sleeve outwear\118500.jpg,short sleeve outwear
database\short sleeve outwear\118501.jpg,short sleeve outwear
database\short sleeve outwear\118502.jpg,short sleeve outwear
database\short sleeve outwear\118503.jpg,short sleeve outwear
database\short sleeve outwear\118504.jpg,short sleeve outwear
database\short sleeve outwear\118505.jpg,short sleeve outwear
database\short sleeve outwear\118506.jpg,short sleeve outwear
database\short sleeve outwear\118507.jpg,short sleeve outwear
database\short sleeve outwear\118508.jpg,short sleeve outwear
database\short sleeve outwear\118509.jpg,short sleeve outwear
database\short sleeve outwear\118510.jpg,short sleeve outwear
database\short sleeve outwear\118511.jpg,short sleeve outwear
database\short sleeve outwear\118512.jpg,short sleeve outwear
database\short sleeve outwear\118513.jpg,short sleeve outwear
database\short sleeve outwear\118514.jpg,short sleeve outwear
database\short sleeve outwear\118515.jpg,short sleeve outwear
database\short sleeve outwear\118516.jpg,short sleeve outwear
database\short sleeve outwear\118517.jpg,short sleeve outwear
database\short sleeve outwear\121861.jpg,short sleeve outwear
database\short sleeve outwear\121862.jpg,short sleeve outwear
database\short sleeve outwear\124647.jpg,short sleeve outwear
database\short sleeve outwear\124648.jpg,short sleeve outwear
database\short sleeve outwear\124649.jpg,short sleeve outwear
database\short sleeve outwear\124650.jpg,short sleeve outwear
database\short sleeve outwear\124651.jpg,short sleeve outwear
database\short sleeve outwear\124652.jpg,short sleeve outwear
database\short sleeve outwear\124653.jpg,short sleeve outwear
database\short sleeve outwear\124654.jpg,short sleeve outwear
database\short sleeve outwear\124655.jpg,short sleeve outwear
database\short sleeve outwear\124656.jpg,short sleeve outwear
database\short sleeve outwear\124700.jpg,short sleeve outwear
database\short sleeve outwear\124701.jpg,short sleeve outwear
database\short sleeve outwear\124702.jpg,short sleeve outwear
database\short sleeve outwear\124703.jpg,short sleeve outwear
database\short sleeve outwear\124704.jpg,short sleeve outwear
database\short sleeve outwear\124705.jpg,short sleeve outwear
database\short sleeve outwear\124706.jpg,short sleeve outwear
database\short sleeve outwear\124707.jpg,short sleeve outwear
database\short sleeve outwear\124708.jpg,short sleeve outwear
database\short sleeve outwear\124709.jpg,short sleeve outwear
database\short sleeve outwear\124710.jpg,short sleeve outwear
database\short sleeve outwear\124711.jpg,short sleeve outwear
database\short sleeve outwear\124712.jpg,short sleeve outwear
database\short sleeve outwear\125794.jpg,short sleeve outwear
database\short sleeve outwear\125929.jpg,short sleeve outwear
database\short sleeve outwear\125930.jpg,short sleeve outwear
database\short sleeve outwear\125931.jpg,short sleeve outwear
database\short sleeve outwear\125934.jpg,short sleeve outwear
database\short sleeve outwear\127934.jpg,short sleeve outwear
database\short sleeve outwear\127935.jpg,short sleeve outwear
database\short sleeve outwear\127936.jpg,short sleeve outwear
database\short sleeve outwear\127937.jpg,short sleeve outwear
database\short sleeve outwear\127938.jpg,short sleeve outwear
database\short sleeve outwear\127939.jpg,short sleeve outwear
database\short sleeve outwear\129460.jpg,short sleeve outwear
database\short sleeve outwear\129461.jpg,short sleeve outwear
database\short sleeve outwear\129462.jpg,short sleeve outwear
database\short sleeve outwear\129463.jpg,short sleeve outwear
database\short sleeve outwear\129464.jpg,short sleeve outwear
database\short sleeve outwear\129465.jpg,short sleeve outwear
database\short sleeve outwear\129466.jpg,short sleeve outwear
database\short sleeve outwear\130702.jpg,short sleeve outwear
database\short sleeve outwear\130703.jpg,short sleeve outwear
database\short sleeve outwear\130704.jpg,short sleeve outwear
database\short sleeve outwear\130708.jpg,short sleeve outwear
database\short sleeve outwear\132668.jpg,short sleeve outwear
database\short sleeve outwear\134672.jpg,short sleeve outwear
database\short sleeve outwear\135146.jpg,short sleeve outwear
database\short sleeve outwear\135147.jpg,short sleeve outwear
database\short sleeve outwear\135148.jpg,short sleeve outwear
database\short sleeve outwear\135149.jpg,short sleeve outwear
database\short sleeve outwear\135777.jpg,short sleeve outwear
database\short sleeve outwear\135920.jpg,short sleeve outwear
database\short sleeve outwear\135922.jpg,short sleeve outwear
database\short sleeve outwear\135924.jpg,short sleeve outwear
database\short sleeve outwear\135925.jpg,short sleeve outwear
database\short sleeve outwear\135929.jpg,short sleeve outwear
database\short sleeve outwear\135930.jpg,short sleeve outwear
database\short sleeve outwear\135931.jpg,short sleeve outwear
database\short sleeve outwear\135932.jpg,short sleeve outwear
database\short sleeve outwear\135933.jpg,short sleeve outwear
database\short sleeve outwear\135934.jpg,short sleeve outwear
database\short sleeve outwear\135935.jpg,short sleeve outwear
database\short sleeve outwear\135936.jpg,short sleeve outwear
database\short sleeve outwear\135937.jpg,short sleeve outwear
database\short sleeve outwear\136251.jpg,short sleeve outwear
database\short sleeve outwear\138097.jpg,short sleeve outwear
database\short sleeve outwear\138098.jpg,short sleeve outwear
database\short sleeve outwear\138099.jpg,short sleeve outwear
database\short sleeve outwear\138100.jpg,short sleeve outwear
database\short sleeve outwear\138101.jpg,short sleeve outwear
database\short sleeve outwear\138102.jpg,short sleeve outwear
database\short sleeve outwear\138103.jpg,short sleeve outwear
database\short sleeve outwear\138104.jpg,short sleeve outwear
database\short sleeve outwear\138105.jpg,short sleeve outwear
database\short sleeve outwear\138106.jpg,short sleeve outwear
database\short sleeve outwear\140329.jpg,short sleeve outwear
database\short sleeve outwear\140330.jpg,short sleeve outwear
database\short sleeve outwear\140331.jpg,short sleeve outwear
database\short sleeve outwear\140332.jpg,short sleeve outwear
database\short sleeve outwear\140333.jpg,short sleeve outwear
database\short sleeve outwear\140334.jpg,short sleeve outwear
database\short sleeve outwear\140335.jpg,short sleeve outwear
database\short sleeve outwear\140336.jpg,short sleeve outwear
database\short sleeve outwear\140337.jpg,short sleeve outwear
database\short sleeve outwear\140338.jpg,short sleeve outwear
database\short sleeve outwear\140339.jpg,short sleeve outwear
database\short sleeve outwear\140341.jpg,short sleeve outwear
database\short sleeve outwear\140342.jpg,short sleeve outwear
database\short sleeve outwear\140343.jpg,short sleeve outwear
database\short sleeve outwear\140344.jpg,short sleeve outwear
database\short sleeve outwear\140345.jpg,short sleeve outwear
database\short sleeve outwear\140346.jpg,short sleeve outwear
database\short sleeve outwear\140347.jpg,short sleeve outwear
database\short sleeve outwear\140348.jpg,short sleeve outwear
database\short sleeve outwear\140349.jpg,short sleeve outwear
database\short sleeve outwear\140350.jpg,short sleeve outwear
database\short sleeve outwear\140351.jpg,short sleeve outwear
database\short sleeve outwear\143433.jpg,short sleeve outwear
database\short sleeve outwear\146520.jpg,short sleeve outwear
database\short sleeve outwear\146924.jpg,short sleeve outwear
database\short sleeve outwear\151468.jpg,short sleeve outwear
database\short sleeve outwear\151469.jpg,short sleeve outwear
database\short sleeve outwear\151470.jpg,short sleeve outwear
database\short sleeve outwear\151471.jpg,short sleeve outwear
database\short sleeve outwear\151472.jpg,short sleeve outwear
database\short sleeve outwear\151473.jpg,short sleeve outwear
database\short sleeve outwear\151474.jpg,short sleeve outwear
database\short sleeve outwear\151475.jpg,short sleeve outwear
database\short sleeve outwear\151476.jpg,short sleeve outwear
database\short sleeve outwear\151477.jpg,short sleeve outwear
database\short sleeve outwear\151478.jpg,short sleeve outwear
database\short sleeve outwear\151479.jpg,short sleeve outwear
database\short sleeve outwear\153246.jpg,short sleeve outwear
database\short sleeve outwear\153247.jpg,short sleeve outwear
database\short sleeve outwear\153250.jpg,short sleeve outwear
database\short sleeve outwear\154096.jpg,short sleeve outwear
database\short sleeve outwear\154098.jpg,short sleeve outwear
database\short sleeve outwear\155120.jpg,short sleeve outwear
database\short sleeve outwear\156935.jpg,short sleeve outwear
database\short sleeve outwear\157637.jpg,short sleeve outwear
database\short sleeve outwear\157644.jpg,short sleeve outwear
database\short sleeve outwear\157748.jpg,short sleeve outwear
database\short sleeve outwear\157749.jpg,short sleeve outwear
database\short sleeve outwear\157750.jpg,short sleeve outwear
database\short sleeve outwear\157751.jpg,short sleeve outwear
database\short sleeve outwear\157752.jpg,short sleeve outwear
database\short sleeve outwear\157753.jpg,short sleeve outwear
database\short sleeve outwear\157754.jpg,short sleeve outwear
database\short sleeve outwear\157755.jpg,short sleeve outwear
database\short sleeve outwear\157756.jpg,short sleeve outwear
database\short sleeve outwear\157757.jpg,short sleeve outwear
database\short sleeve outwear\157758.jpg,short sleeve outwear
database\short sleeve outwear\157759.jpg,short sleeve outwear
database\short sleeve outwear\157760.jpg,short sleeve outwear
database\short sleeve outwear\157761.jpg,short sleeve outwear
database\short sleeve outwear\157762.jpg,short sleeve outwear
database\short sleeve outwear\157763.jpg,short sleeve outwear
database\short sleeve outwear\160685.jpg,short sleeve outwear
database\short sleeve outwear\161456.jpg,short sleeve outwear
database\short sleeve outwear\161461.jpg,short sleeve outwear
database\short sleeve outwear\161463.jpg,short sleeve outwear
database\short sleeve outwear\162915.jpg,short sleeve outwear
database\short sleeve outwear\162916.jpg,short sleeve outwear
database\short sleeve outwear\162917.jpg,short sleeve outwear
database\short sleeve outwear\162918.jpg,short sleeve outwear
database\short sleeve outwear\162919.jpg,short sleeve outwear
database\short sleeve outwear\162920.jpg,short sleeve outwear
database\short sleeve outwear\162921.jpg,short sleeve outwear
database\short sleeve outwear\162922.jpg,short sleeve outwear
database\short sleeve outwear\162925.jpg,short sleeve outwear
database\short sleeve outwear\162927.jpg,short sleeve outwear
database\short sleeve outwear\164853.jpg,short sleeve outwear
database\short sleeve outwear\164857.jpg,short sleeve outwear
database\short sleeve outwear\171437.jpg,short sleeve outwear
database\short sleeve outwear\172912.jpg,short sleeve outwear
database\short sleeve outwear\172916.jpg,short sleeve outwear
database\short sleeve outwear\173909.jpg,short sleeve outwear
database\short sleeve outwear\173910.jpg,short sleeve outwear
database\short sleeve outwear\173911.jpg,short sleeve outwear
database\short sleeve outwear\173912.jpg,short sleeve outwear
database\short sleeve outwear\173913.jpg,short sleeve outwear
database\short sleeve outwear\173914.jpg,short sleeve outwear
database\short sleeve outwear\173915.jpg,short sleeve outwear
database\short sleeve outwear\173916.jpg,short sleeve outwear
database\short sleeve outwear\173917.jpg,short sleeve outwear
database\short sleeve outwear\173918.jpg,short sleeve outwear
database\short sleeve outwear\173919.jpg,short sleeve outwear
database\short sleeve outwear\173921.jpg,short sleeve outwear
database\short sleeve outwear\173922.jpg,short sleeve outwear
database\short sleeve outwear\174100.jpg,short sleeve outwear
database\short sleeve outwear\174104.jpg,short sleeve outwear
database\short sleeve outwear\174106.jpg,short sleeve outwear
database\short sleeve outwear\174107.jpg,short sleeve outwear
database\short sleeve outwear\174109.jpg,short sleeve outwear
database\short sleeve outwear\174295.jpg,short sleeve outwear
database\short sleeve outwear\174296.jpg,short sleeve outwear
database\short sleeve outwear\174297.jpg,short sleeve outwear
database\short sleeve outwear\174298.jpg,short sleeve outwear
database\short sleeve outwear\174299.jpg,short sleeve outwear
database\short sleeve outwear\174300.jpg,short sleeve outwear
database\short sleeve outwear\174301.jpg,short sleeve outwear
database\short sleeve outwear\174302.jpg,short sleeve outwear
database\short sleeve outwear\174303.jpg,short sleeve outwear
database\short sleeve outwear\174639.jpg,short sleeve outwear
database\short sleeve outwear\174640.jpg,short sleeve outwear
database\short sleeve outwear\174641.jpg,short sleeve outwear
database\short sleeve outwear\174642.jpg,short sleeve outwear
database\short sleeve outwear\174643.jpg,short sleeve outwear
database\short sleeve outwear\174644.jpg,short sleeve outwear
database\short sleeve outwear\174645.jpg,short sleeve outwear
database\short sleeve outwear\174646.jpg,short sleeve outwear
database\short sleeve outwear\174647.jpg,short sleeve outwear
database\short sleeve outwear\174648.jpg,short sleeve outwear
database\short sleeve outwear\174992.jpg,short sleeve outwear
database\short sleeve outwear\175001.jpg,short sleeve outwear
database\short sleeve outwear\175080.jpg,short sleeve outwear
database\short sleeve outwear\179036.jpg,short sleeve outwear
database\short sleeve outwear\179037.jpg,short sleeve outwear
database\short sleeve outwear\179038.jpg,short sleeve outwear
database\short sleeve outwear\179039.jpg,short sleeve outwear
database\short sleeve outwear\179040.jpg,short sleeve outwear
database\short sleeve outwear\179041.jpg,short sleeve outwear
database\short sleeve outwear\179042.jpg,short sleeve outwear
database\short sleeve outwear\179043.jpg,short sleeve outwear
database\short sleeve outwear\179044.jpg,short sleeve outwear
database\short sleeve outwear\179045.jpg,short sleeve outwear
database\short sleeve outwear\179046.jpg,short sleeve outwear
database\short sleeve outwear\179047.jpg,short sleeve outwear
database\short sleeve outwear\179946.jpg,short sleeve outwear
database\short sleeve outwear\179948.jpg,short sleeve outwear
database\short sleeve outwear\179951.jpg,short sleeve outwear
database\short sleeve outwear\182046.jpg,short sleeve outwear
database\short sleeve outwear\182692.jpg,short sleeve outwear
database\short sleeve outwear\182702.jpg,short sleeve outwear
database\short sleeve outwear\184282.jpg,short sleeve outwear
database\short sleeve outwear\186400.jpg,short sleeve outwear
database\short sleeve outwear\186401.jpg,short sleeve outwear
database\short sleeve outwear\186402.jpg,short sleeve outwear
database\short sleeve outwear\186403.jpg,short sleeve outwear
database\short sleeve outwear\186404.jpg,short sleeve outwear
database\short sleeve outwear\186405.jpg,short sleeve outwear
database\short sleeve outwear\186406.jpg,short sleeve outwear
database\short sleeve outwear\186407.jpg,short sleeve outwear
database\short sleeve outwear\187212.jpg,short sleeve outwear
database\short sleeve outwear\187614.jpg,short sleeve outwear
database\short sleeve outwear\187615.jpg,short sleeve outwear
database\short sleeve outwear\187616.jpg,short sleeve outwear
database\short sleeve outwear\187617.jpg,short sleeve outwear
database\short sleeve outwear\187977.jpg,short sleeve outwear
database\short sleeve outwear\187978.jpg,short sleeve outwear
database\short sleeve outwear\187979.jpg,short sleeve outwear
database\short sleeve outwear\187980.jpg,short sleeve outwear
database\short sleeve outwear\187981.jpg,short sleeve outwear
database\short sleeve outwear\187982.jpg,short sleeve outwear
database\short sleeve outwear\187983.jpg,short sleeve outwear
database\short sleeve outwear\187984.jpg,short sleeve outwear
database\short sleeve outwear\187985.jpg,short sleeve outwear
database\short sleeve outwear\187986.jpg,short sleeve outwear
database\short sleeve outwear\187987.jpg,short sleeve outwear
database\short sleeve outwear\187988.jpg,short sleeve outwear
database\short sleeve outwear\187990.jpg,short sleeve outwear
database\short sleeve outwear\189160.jpg,short sleeve outwear
database\short sleeve outwear\189161.jpg,short sleeve outwear
database\short sleeve outwear\189162.jpg,short sleeve outwear
database\short sleeve outwear\189163.jpg,short sleeve outwear
database\short sleeve outwear\189164.jpg,short sleeve outwear
database\short sleeve outwear\189165.jpg,short sleeve outwear
database\short sleeve outwear\189166.jpg,short sleeve outwear
database\short sleeve outwear\189167.jpg,short sleeve outwear
database\short sleeve outwear\189168.jpg,short sleeve outwear
database\short sleeve outwear\189169.jpg,short sleeve outwear
database\short sleeve outwear\189170.jpg,short sleeve outwear
database\short sleeve outwear\189171.jpg,short sleeve outwear
database\short sleeve outwear\189172.jpg,short sleeve outwear
database\short sleeve outwear\189173.jpg,short sleeve outwear
database\short sleeve outwear\189174.jpg,short sleeve outwear
database\short sleeve outwear\189175.jpg,short sleeve outwear
database\short sleeve outwear\189178.jpg,short sleeve outwear
database\short sleeve outwear\189179.jpg,short sleeve outwear
database\short sleeve outwear\189180.jpg,short sleeve outwear
database\short sleeve outwear\189181.jpg,short sleeve outwear
database\short sleeve outwear\189182.jpg,short sleeve outwear
database\short sleeve outwear\189183.jpg,short sleeve outwear
database\short sleeve outwear\189184.jpg,short sleeve outwear
database\short sleeve outwear\189185.jpg,short sleeve outwear
database\short sleeve outwear\189186.jpg,short sleeve outwear
database\short sleeve outwear\189187.jpg,short sleeve outwear
database\short sleeve outwear\189188.jpg,short sleeve outwear
database\short sleeve outwear\189189.jpg,short sleeve outwear
database\short sleeve outwear\189905.jpg,short sleeve outwear